t_s,sim_t,gt_x,gt_y,ekf_x,ekf_y,gt_error_m,divergence_m,gt_travelled_m
10.0,0.120,0.000,0.000,0.000,0.000,62.096,0.000,0.00
15.0,0.980,0.002,-0.000,0.001,-0.000,62.097,0.001,0.00
22.3,2.020,0.002,-0.000,0.001,-0.000,62.098,0.001,0.00
27.3,2.800,0.002,0.000,0.001,-0.000,62.098,0.001,0.00
32.3,3.660,0.005,-0.001,0.001,-0.000,62.100,0.004,0.00
37.3,4.440,0.003,-0.008,0.001,-0.000,62.094,0.008,0.00
42.3,5.340,-0.014,-0.020,0.001,-0.000,62.074,0.025,0.02
47.3,6.200,-0.043,-0.034,0.001,-0.000,62.042,0.056,0.06
54.7,7.440,-0.086,-0.057,0.001,-0.000,61.994,0.103,0.10
59.7,8.280,-0.105,-0.065,0.001,-0.000,61.973,0.124,0.12
64.7,9.060,-0.113,-0.070,0.001,-0.000,61.963,0.133,0.13
69.7,9.840,-0.113,-0.078,0.001,-0.000,61.960,0.138,0.14
74.7,10.680,-0.113,-0.083,0.001,-0.000,61.956,0.141,0.14
79.7,11.520,-0.115,-0.088,0.001,-0.000,61.952,0.145,0.15
87.0,12.860,-0.120,-0.099,0.001,-0.000,61.942,0.156,0.16
92.0,13.640,-0.143,-0.121,-0.026,-0.022,61.911,0.154,0.19
97.0,14.500,-0.228,-0.187,-0.122,-0.074,61.805,0.155,0.30
102.0,15.440,-0.366,-0.246,-0.266,-0.118,61.655,0.163,0.45
107.0,16.380,-0.528,-0.283,-0.429,-0.152,61.498,0.165,0.62
112.0,17.320,-0.697,-0.313,-0.598,-0.181,61.338,0.165,0.80
119.2,18.740,-0.956,-0.355,-0.861,-0.222,61.096,0.163,1.05
124.2,19.700,-1.128,-0.377,-1.034,-0.243,60.938,0.163,1.23
129.2,20.560,-1.289,-0.394,-1.195,-0.259,60.792,0.164,1.39
134.2,21.300,-1.428,-0.407,-1.331,-0.271,60.666,0.167,1.52
139.2,22.120,-1.582,-0.421,-1.487,-0.285,60.529,0.165,1.68
144.2,23.000,-1.742,-0.435,-1.646,-0.299,60.385,0.167,1.85
151.5,24.360,-1.999,-0.454,-1.899,-0.315,60.157,0.172,2.10
156.5,25.320,-2.178,-0.464,-2.080,-0.324,60.000,0.171,2.28
161.5,26.300,-2.359,-0.473,-2.259,-0.333,59.842,0.172,2.46
166.5,27.200,-2.529,-0.481,-2.427,-0.341,59.694,0.173,2.64
171.5,28.080,-2.691,-0.487,-2.589,-0.346,59.554,0.173,2.80
176.5,28.940,-2.852,-0.492,-2.752,-0.351,59.415,0.173,2.96
183.9,30.160,-3.079,-0.498,-2.978,-0.357,59.220,0.174,3.18
188.9,31.080,-3.255,-0.502,-3.152,-0.361,59.069,0.174,3.35
193.9,31.980,-3.423,-0.506,-3.326,-0.365,58.926,0.171,3.52
198.9,32.860,-3.585,-0.509,-3.483,-0.368,58.788,0.174,3.69
203.9,33.780,-3.759,-0.512,-3.658,-0.370,58.640,0.174,3.86
208.9,34.660,-3.925,-0.514,-3.827,-0.373,58.500,0.172,4.03
216.2,36.020,-4.180,-0.518,-4.084,-0.376,58.284,0.171,4.28
221.2,37.000,-4.364,-0.519,-4.264,-0.378,58.129,0.173,4.47
226.2,37.960,-4.545,-0.521,-4.446,-0.379,57.977,0.172,4.65
231.2,38.920,-4.725,-0.522,-4.629,-0.381,57.826,0.171,4.83
236.2,39.880,-4.903,-0.524,-4.803,-0.382,57.676,0.173,5.00
241.2,40.840,-5.084,-0.525,-4.985,-0.383,57.525,0.173,5.19
248.4,42.240,-5.348,-0.526,-5.249,-0.385,57.304,0.173,5.45
253.4,43.220,-5.532,-0.527,-5.436,-0.385,57.151,0.171,5.63
258.4,44.220,-5.719,-0.528,-5.618,-0.386,56.995,0.174,5.82
263.4,45.220,-5.907,-0.528,-5.808,-0.387,56.839,0.173,6.01
268.4,46.220,-6.097,-0.529,-5.998,-0.387,56.681,0.173,6.20
273.4,47.160,-6.276,-0.529,-6.176,-0.388,56.533,0.173,6.38
280.7,48.480,-6.530,-0.530,-6.430,-0.388,56.323,0.173,6.63
285.7,49.440,-6.711,-0.530,-6.616,-0.388,56.174,0.171,6.82
290.7,50.360,-6.888,-0.529,-6.789,-0.387,56.028,0.173,6.99
295.7,51.340,-7.076,-0.529,-6.981,-0.387,55.874,0.171,7.18
300.7,52.280,-7.254,-0.529,-7.155,-0.386,55.728,0.174,7.35
305.7,53.240,-7.430,-0.525,-7.335,-0.381,55.586,0.172,7.53
313.0,54.680,-7.698,-0.517,-7.603,-0.372,55.370,0.173,7.80
318.0,55.640,-7.879,-0.510,-7.785,-0.366,55.226,0.172,7.98
323.0,56.560,-8.040,-0.501,-7.949,-0.357,55.100,0.171,8.14
328.0,57.460,-8.203,-0.485,-8.111,-0.337,54.977,0.174,8.30
333.0,58.420,-8.379,-0.460,-8.290,-0.311,54.848,0.174,8.48
338.0,59.320,-8.546,-0.434,-8.456,-0.285,54.727,0.174,8.66
345.3,60.640,-8.773,-0.398,-8.683,-0.247,54.564,0.176,8.89
350.3,61.620,-8.935,-0.354,-8.845,-0.203,54.458,0.176,9.05
355.3,62.600,-9.105,-0.300,-9.019,-0.148,54.352,0.175,9.23
360.3,63.540,-9.271,-0.244,-9.184,-0.091,54.252,0.176,9.40
365.3,64.500,-9.439,-0.185,-9.353,-0.033,54.151,0.176,9.59
370.3,65.460,-9.598,-0.124,-9.513,0.030,54.060,0.176,9.76
377.6,66.860,-9.834,-0.021,-9.744,0.130,53.932,0.176,10.01
382.6,67.820,-9.998,0.053,-9.907,0.204,53.846,0.176,10.19
387.6,68.800,-10.165,0.129,-10.078,0.282,53.758,0.176,10.37
392.6,69.780,-10.329,0.202,-10.241,0.355,53.671,0.176,10.55
397.6,70.760,-10.497,0.273,-10.410,0.425,53.581,0.175,10.74
402.6,71.720,-10.666,0.343,-10.580,0.494,53.490,0.174,10.92
409.9,73.060,-10.908,0.438,-10.825,0.591,53.357,0.174,11.18
414.9,74.040,-11.064,0.502,-10.981,0.653,53.274,0.172,11.34
419.9,74.860,-11.122,0.527,-11.040,0.673,53.243,0.167,11.41
424.9,75.780,-11.190,0.550,-11.107,0.692,53.204,0.165,11.48
429.9,76.680,-11.259,0.569,-11.176,0.711,53.162,0.164,11.55
434.9,77.620,-11.331,0.589,-11.248,0.730,53.117,0.164,11.63
442.2,79.060,-11.443,0.619,-11.361,0.761,53.048,0.164,11.75
447.2,80.020,-11.518,0.638,-11.436,0.780,53.002,0.164,11.83
452.2,81.020,-11.676,0.680,-11.594,0.822,52.904,0.164,11.99
457.2,82.000,-11.855,0.728,-11.770,0.869,52.794,0.165,12.17
462.2,82.960,-12.019,0.768,-11.935,0.905,52.691,0.161,12.34
467.2,83.940,-12.149,0.795,-12.640,0.223,52.607,0.753,12.47
474.4,85.160,-12.227,0.819,-12.761,0.126,52.562,0.875,12.55
479.4,86.140,-12.292,0.849,-12.876,0.064,52.531,0.978,12.62
484.4,87.040,-12.349,0.883,-12.988,0.013,52.508,1.080,12.69
489.4,87.860,-12.399,0.920,-13.097,-0.030,52.492,1.178,12.75
494.4,88.720,-12.448,0.959,-13.208,-0.070,52.479,1.279,12.82
499.4,89.660,-12.498,1.004,-13.342,-0.111,52.469,1.398,12.88
506.7,91.000,-12.578,1.069,-13.527,-0.180,52.449,1.569,12.98
511.7,91.760,-12.625,1.107,-13.638,-0.223,52.437,1.671,13.05
516.7,92.720,-12.682,1.154,-13.774,-0.273,52.423,1.797,13.12
521.7,93.720,-12.740,1.207,-13.924,-0.324,52.412,1.935,13.20
526.7,94.720,-12.794,1.260,-14.079,-0.368,52.406,2.074,13.27
531.7,95.700,-12.846,1.310,-14.233,-0.418,52.397,2.216,13.35
539.0,97.060,-12.923,1.382,-14.448,-0.493,52.384,2.417,13.46
544.0,97.960,-12.973,1.430,-14.595,-0.542,52.378,2.553,13.53
549.0,98.880,-13.022,1.482,-14.751,-0.586,52.373,2.696,13.60
554.0,99.700,-13.062,1.529,-14.894,-0.620,52.373,2.823,13.66
559.0,100.180,-13.087,1.554,-14.974,-0.643,52.370,2.896,13.70
564.0,100.800,-13.119,1.587,-15.083,-0.678,52.367,2.997,13.74
571.3,101.900,-13.179,1.650,-15.277,-0.742,52.362,3.181,13.83
576.3,102.580,-13.216,1.689,-15.397,-0.779,52.360,3.293,13.88
581.3,103.460,-13.261,1.740,-15.561,-0.824,52.359,3.445,13.95
586.3,104.420,-13.306,1.792,-15.739,-0.873,52.359,3.609,14.02
591.3,105.400,-13.360,1.848,-15.916,-0.936,52.354,3.779,14.10
596.3,106.380,-13.413,1.904,-16.099,-1.001,52.350,3.956,14.17
603.6,107.760,-13.481,1.975,-16.363,-1.098,52.345,4.213,14.27
608.6,108.720,-13.533,2.020,-16.542,-1.187,52.336,4.398,14.34
613.6,109.720,-13.578,2.052,-16.708,-1.308,52.323,4.592,14.39
618.6,110.700,-13.635,2.082,-16.857,-1.446,52.300,4.778,14.46
623.6,111.680,-13.704,2.110,-16.991,-1.607,52.266,4.962,14.53
628.6,112.620,-13.773,2.133,-17.128,-1.773,52.230,5.148,14.61
635.9,113.740,-13.851,2.162,-17.290,-1.958,52.190,5.366,14.69
640.9,114.700,-13.913,2.187,-17.432,-2.121,52.160,5.562,14.75
645.9,115.680,-13.984,2.211,-17.569,-2.298,52.122,5.760,14.83
650.9,116.680,-14.058,2.235,-17.714,-2.482,52.084,5.968,14.91
655.9,117.660,-14.128,2.259,-17.863,-2.658,52.047,6.174,14.98
660.9,118.600,-14.205,2.291,-18.033,-2.819,52.011,6.385,15.06
668.2,120.020,-14.421,2.380,-18.378,-3.037,51.910,6.709,15.30
673.2,120.980,-14.583,2.438,-18.610,-3.188,51.828,6.918,15.47
678.2,121.960,-14.730,2.486,-18.831,-3.371,51.751,7.150,15.63
683.2,122.900,-14.897,2.523,-19.042,-3.557,51.653,7.359,15.80
688.2,123.880,-15.053,2.559,-19.256,-3.753,51.563,7.583,15.96
693.2,124.860,-15.219,2.589,-19.462,-3.974,51.460,7.815,16.13
700.6,126.260,-15.463,2.619,-19.756,-4.293,51.303,8.137,16.37
705.6,127.200,-15.612,2.646,-19.952,-4.499,51.212,8.360,16.52
710.6,128.040,-15.757,2.671,-20.123,-4.693,51.123,8.561,16.67
715.6,128.860,-15.902,2.689,-20.293,-4.885,51.030,8.755,16.82
720.6,129.660,-16.040,2.706,-20.469,-5.082,50.941,8.960,16.96
725.6,130.560,-16.182,2.741,-20.658,-5.284,50.862,9.189,17.10
732.8,132.000,-16.425,2.771,-20.958,-5.647,50.707,9.562,17.35
737.8,132.860,-16.572,2.799,-21.140,-5.866,50.621,9.796,17.50
742.8,133.780,-16.721,2.837,-21.339,-6.085,50.540,10.047,17.65
747.8,134.760,-16.879,2.859,-21.549,-6.338,50.442,10.314,17.81
752.8,135.720,-17.047,2.885,-21.750,-6.581,50.340,10.570,17.98
757.8,136.720,-17.214,2.925,-21.973,-6.837,50.249,10.860,18.15
765.2,138.200,-17.458,2.974,-22.309,-7.223,50.110,11.292,18.40
770.2,139.160,-17.626,3.008,-22.528,-7.482,50.015,11.578,18.57
775.2,140.180,-17.783,3.045,-22.757,-7.745,49.930,11.881,18.73
780.2,141.160,-17.955,3.083,-22.996,-8.007,49.836,12.181,18.91
785.2,142.100,-18.118,3.120,-23.223,-8.251,49.748,12.465,19.08
790.2,143.080,-18.275,3.163,-23.467,-8.500,49.669,12.766,19.24
797.5,144.320,-18.477,3.230,-23.809,-8.810,49.576,13.168,19.45
802.5,145.200,-18.625,3.283,-24.046,-9.020,49.511,13.444,19.61
807.5,146.080,-18.763,3.336,-24.293,-9.226,49.454,13.725,19.76
812.5,146.920,-18.891,3.393,-24.550,-9.420,49.406,14.007,19.90
817.5,147.740,-19.012,3.458,-24.799,-9.585,49.370,14.269,20.03
822.5,148.460,-19.123,3.521,-25.033,-9.734,49.338,14.512,20.16
829.8,149.440,-19.276,3.609,-25.347,-9.932,49.298,14.839,20.34
834.8,150.120,-19.374,3.670,-25.565,-10.060,49.275,15.061,20.46
839.8,150.660,-19.450,3.722,-25.747,-10.159,49.262,15.242,20.55
844.8,151.200,-19.523,3.777,-25.939,-10.255,49.253,15.429,20.64
849.8,151.720,-19.590,3.834,-26.129,-10.340,49.249,15.610,20.73
854.8,152.280,-19.656,3.893,-26.315,-10.421,49.248,15.787,20.82
862.0,153.020,-19.756,3.976,-26.576,-10.538,49.241,16.036,20.94
867.0,153.560,-19.832,4.038,-26.783,-10.629,49.236,16.231,21.04
872.0,154.160,-19.905,4.101,-26.996,-10.727,49.233,16.436,21.14
877.0,154.760,-19.961,4.144,-27.178,-10.843,49.228,16.635,21.21
882.0,155.320,-20.030,4.183,-27.349,-10.974,49.209,16.832,21.29
887.0,155.880,-20.110,4.220,-27.518,-11.121,49.184,17.036,21.37
894.4,156.740,-20.233,4.268,-27.752,-11.373,49.137,17.354,21.51
899.4,157.240,-20.315,4.295,-27.888,-11.522,49.103,17.536,21.60
904.4,157.720,-20.391,4.319,-28.014,-11.659,49.070,17.704,21.68
909.4,158.260,-20.470,4.343,-28.162,-11.819,49.036,17.899,21.76
914.4,158.780,-20.547,4.372,-28.319,-11.981,49.006,18.106,21.84
919.4,159.340,-20.633,4.404,-28.473,-12.139,48.974,18.307,21.93
926.7,160.180,-20.749,4.454,-28.712,-12.379,48.935,18.622,22.06
931.7,160.760,-20.828,4.491,-28.888,-12.550,48.910,18.851,22.15
936.7,161.340,-20.910,4.530,-29.061,-12.707,48.886,19.067,22.24
941.7,161.920,-20.986,4.573,-29.238,-12.854,48.868,19.281,22.32
946.7,162.500,-21.063,4.621,-29.440,-13.000,48.854,19.511,22.41
951.7,163.060,-21.141,4.670,-29.636,-13.138,48.840,19.730,22.50
959.0,163.820,-21.206,4.712,-29.860,-13.331,48.830,20.011,22.58
964.0,164.320,-21.237,4.734,-30.017,-13.478,48.826,20.218,22.62
969.0,164.880,-21.271,4.759,-30.178,-13.616,48.823,20.420,22.66
974.0,165.400,-21.303,4.783,-30.347,-13.747,48.821,20.620,22.70
979.0,165.940,-21.335,4.811,-30.526,-13.873,48.821,20.822,22.74
984.0,166.500,-21.369,4.842,-30.719,-13.994,48.823,21.029,22.80
991.2,167.280,-21.412,4.886,-30.994,-14.147,48.828,21.309,22.86
996.2,167.800,-21.439,4.916,-31.184,-14.253,48.834,21.504,22.90
1001.2,168.320,-21.466,4.947,-31.365,-14.354,48.840,21.691,22.94
1006.2,168.840,-21.473,4.947,-31.541,-14.488,48.835,21.887,22.95
1011.2,169.400,-21.487,4.943,-31.734,-14.611,48.823,22.076,22.96
1016.2,169.940,-21.504,4.939,-31.936,-14.706,48.809,22.242,22.98
1023.5,170.760,-21.533,4.931,-32.267,-14.796,48.785,22.459,23.01
1028.5,171.320,-21.552,4.926,-32.487,-14.816,48.768,22.568,23.03
1033.5,171.880,-21.570,4.922,-32.725,-14.800,48.753,22.658,23.05
1038.5,172.420,-21.582,4.918,-32.943,-14.753,48.743,22.716,23.06
1043.5,172.960,-21.590,4.917,-33.169,-14.670,48.737,22.753,23.07
1048.5,173.520,-21.592,4.916,-33.369,-14.568,48.735,22.766,23.07
1055.9,174.340,-21.594,4.916,-33.682,-14.392,48.733,22.780,23.07
1060.9,174.900,-21.601,4.914,-33.906,-14.303,48.727,22.819,23.08
1065.9,175.460,-21.613,4.911,-34.145,-14.244,48.717,22.890,23.09
1070.9,176.000,-21.630,4.906,-34.373,-14.222,48.703,22.984,23.11
1075.9,176.560,-21.650,4.902,-34.621,-14.236,48.688,23.120,23.13
1080.9,177.140,-21.670,4.897,-34.865,-14.287,48.671,23.284,23.15
1088.1,177.960,-21.696,4.891,-35.203,-14.424,48.648,23.569,23.18
1093.1,178.520,-21.711,4.887,-35.403,-14.546,48.636,23.772,23.19
1098.1,179.000,-21.721,4.884,-35.579,-14.682,48.628,23.977,23.20
1103.1,179.460,-21.729,4.882,-35.731,-14.827,48.621,24.177,23.21
1108.1,179.980,-21.734,4.881,-35.877,-14.996,48.617,24.395,23.22
1113.1,180.520,-21.736,4.880,-36.024,-15.206,48.615,24.650,23.22
1120.4,181.380,-21.736,4.880,-36.195,-15.540,48.615,25.021,23.22
1125.4,181.940,-21.736,4.880,-36.275,-15.786,48.615,25.268,23.22
1130.4,182.460,-21.711,4.879,-36.298,-16.014,48.630,25.481,23.24
1135.4,182.940,-21.613,4.866,-36.231,-16.254,48.683,25.685,23.33
1140.4,183.460,-21.510,4.852,-36.159,-16.511,48.739,25.902,23.44
1145.4,184.020,-21.399,4.836,-36.081,-16.787,48.799,26.137,23.55
1152.7,184.820,-21.243,4.815,-35.979,-17.158,48.884,26.457,23.70
1157.7,185.320,-21.148,4.802,-35.912,-17.403,48.936,26.665,23.80
1162.7,185.820,-21.133,4.797,-35.921,-17.657,48.942,26.886,23.82
1167.7,186.380,-21.132,4.793,-35.908,-17.906,48.939,27.084,23.82
1172.7,186.920,-21.132,4.788,-35.853,-18.150,48.936,27.255,23.83
1177.7,187.420,-21.140,4.781,-35.762,-18.390,48.925,27.398,23.84
1185.0,188.200,-21.208,4.750,-35.637,-18.737,48.857,27.565,23.91
1190.0,188.740,-21.263,4.711,-35.538,-18.985,48.792,27.664,23.98
1195.0,189.320,-21.317,4.669,-35.440,-19.245,48.725,27.773,24.05
1200.0,189.820,-21.372,4.635,-35.375,-19.485,48.663,27.890,24.11
1205.0,190.320,-21.418,4.608,-35.304,-19.743,48.613,28.032,24.17
1210.0,190.860,-21.456,4.583,-35.244,-19.983,48.569,28.171,24.21
1217.3,191.620,-21.510,4.548,-35.189,-20.356,48.508,28.414,24.28
1222.3,192.140,-21.550,4.527,-35.182,-20.625,48.465,28.609,24.32
1227.3,192.720,-21.595,4.508,-35.204,-20.925,48.422,28.846,24.37
1232.3,193.300,-21.645,4.500,-35.256,-21.202,48.384,29.084,24.42
1237.3,193.860,-21.717,4.499,-35.325,-21.487,48.336,29.333,24.49
1242.3,194.400,-21.786,4.498,-35.390,-21.752,48.290,29.566,24.56
1249.7,195.120,-21.874,4.497,-35.492,-22.099,48.233,29.880,24.65
1254.7,195.640,-21.933,4.498,-35.587,-22.362,48.196,30.131,24.71
1259.7,196.200,-22.001,4.507,-35.691,-22.634,48.158,30.398,24.77
1264.7,196.740,-22.072,4.514,-35.792,-22.899,48.118,30.655,24.85
1269.7,197.280,-22.141,4.523,-35.894,-23.158,48.081,30.909,24.91
1274.7,197.840,-22.207,4.532,-36.019,-23.431,48.046,31.188,24.98
1281.9,198.640,-22.303,4.552,-36.199,-23.813,47.999,31.586,25.08
1286.9,199.140,-22.367,4.564,-36.311,-24.055,47.968,31.835,25.14
1291.9,199.660,-22.429,4.577,-36.434,-24.309,47.938,32.102,25.22
1296.9,200.240,-22.493,4.593,-36.574,-24.579,47.909,32.392,25.28
1301.9,200.840,-22.565,4.610,-36.722,-24.865,47.877,32.698,25.35
1306.9,201.380,-22.628,4.624,-36.847,-25.121,47.848,32.969,25.42
1314.2,202.220,-22.681,4.636,-37.011,-25.529,47.823,33.396,25.47
1319.2,202.820,-22.701,4.636,-37.109,-25.833,47.811,33.703,25.49
1324.2,203.420,-22.739,4.632,-37.183,-26.167,47.783,34.017,25.53
1329.2,204.040,-22.786,4.633,-37.241,-26.485,47.755,34.312,25.58
1334.2,204.640,-22.827,4.636,-37.319,-26.800,47.731,34.616,25.62
1339.2,205.240,-22.864,4.641,-37.431,-27.105,47.712,34.929,25.66
1346.5,206.100,-22.953,4.669,-37.666,-27.518,47.677,35.391,25.75
1351.5,206.620,-23.024,4.696,-37.839,-27.741,47.653,35.659,25.82
1356.5,207.180,-23.098,4.732,-38.053,-27.980,47.635,35.969,25.91
1361.5,207.740,-23.168,4.775,-38.288,-28.200,47.624,36.277,25.99
1366.5,208.240,-23.234,4.825,-38.518,-28.369,47.622,36.544,26.07
1371.5,208.760,-23.302,4.880,-38.760,-28.525,47.623,36.809,26.16
