t_s,gt_x,gt_y,ekf_x,ekf_y,gt_error_m,divergence_m,gt_travelled_m
5.0,0.000,0.000,nan,nan,85.574,nan,0.00
7.1,0.000,0.000,0.000,0.000,85.574,0.000,0.00
12.1,-0.002,-0.000,-0.001,-0.000,85.573,0.001,0.00
17.1,-0.003,0.000,-0.001,-0.000,85.571,0.002,0.00
22.1,-0.002,-0.008,-0.001,-0.000,85.571,0.009,0.00
27.1,0.025,-0.029,-0.001,-0.000,85.594,0.039,0.04
32.1,0.069,-0.054,-0.001,-0.000,85.634,0.088,0.09
37.1,0.102,-0.070,-0.001,-0.000,85.664,0.124,0.13
39.3,0.110,-0.073,-0.001,-0.000,85.672,0.133,0.13
44.1,0.112,-0.082,-0.001,-0.000,85.672,0.139,0.14
49.1,0.113,-0.090,-0.001,-0.000,85.672,0.145,0.15
54.1,0.117,-0.100,-0.001,-0.000,85.674,0.154,0.16
59.1,0.028,-0.038,-0.089,0.067,85.596,0.158,0.26
64.1,-0.155,0.055,-0.287,0.147,85.430,0.161,0.46
69.1,-0.362,0.123,-0.492,0.212,85.236,0.157,0.68
71.5,-0.449,0.149,-0.583,0.240,85.154,0.162,0.77
76.2,-0.605,0.202,-0.733,0.296,85.008,0.159,0.94
81.2,-0.800,0.286,-0.926,0.383,84.830,0.159,1.15
86.2,-1.012,0.384,-1.137,0.481,84.636,0.158,1.39
91.2,-1.239,0.490,-1.366,0.588,84.430,0.161,1.63
96.2,-1.448,0.597,-1.567,0.688,84.241,0.150,1.87
101.2,-1.652,0.722,-1.771,0.810,84.061,0.148,2.11
103.8,-1.758,0.791,-1.878,0.879,83.969,0.150,2.24
108.3,-1.947,0.916,-2.070,1.005,83.803,0.152,2.46
113.3,-2.152,1.052,-2.275,1.141,83.624,0.151,2.70
118.3,-2.338,1.193,-2.463,1.279,83.466,0.152,2.95
123.3,-2.533,1.345,-2.658,1.431,83.300,0.152,3.19
128.3,-2.726,1.496,-2.849,1.582,83.138,0.150,3.43
133.3,-2.905,1.638,-3.030,1.725,82.987,0.151,3.67
136.0,-2.983,1.700,-3.107,1.788,82.922,0.152,3.77
140.4,-3.123,1.815,-3.245,1.902,82.805,0.150,3.94
145.4,-3.302,1.965,-3.425,2.054,82.657,0.152,4.17
150.4,-3.483,2.117,-3.606,2.206,82.507,0.151,4.42
155.4,-3.654,2.262,-3.778,2.350,82.366,0.152,4.64
160.4,-3.829,2.408,-3.951,2.494,82.223,0.149,4.86
165.4,-3.991,2.538,-4.115,2.624,82.089,0.152,5.08
168.3,-4.089,2.614,-4.210,2.698,82.008,0.148,5.20
172.4,-4.216,2.713,-4.342,2.801,81.902,0.153,5.36
177.4,-4.390,2.848,-4.513,2.934,81.759,0.149,5.58
182.4,-4.534,2.960,-4.660,3.048,81.640,0.153,5.76
187.4,-4.687,3.066,-4.804,3.155,81.512,0.148,5.95
192.4,-4.887,3.188,-5.004,3.280,81.340,0.149,6.18
197.4,-5.088,3.307,-5.205,3.399,81.168,0.149,6.42
200.5,-5.217,3.382,-5.333,3.473,81.057,0.147,6.56
204.5,-5.367,3.469,-5.482,3.559,80.929,0.147,6.73
209.5,-5.553,3.571,-5.668,3.661,80.768,0.146,6.95
214.5,-5.728,3.646,-5.844,3.736,80.613,0.146,7.14
219.5,-5.914,3.713,-6.032,3.806,80.445,0.150,7.34
224.5,-6.133,3.792,-6.252,3.885,80.248,0.151,7.57
229.5,-6.351,3.861,-6.475,3.956,80.050,0.156,7.81
232.8,-6.509,3.894,-6.631,3.994,79.903,0.157,7.97
236.6,-6.694,3.935,-6.817,4.033,79.731,0.157,8.15
241.6,-6.936,3.983,-7.062,4.082,79.506,0.160,8.40
246.6,-7.159,4.012,-7.288,4.115,79.294,0.166,8.62
251.6,-7.373,4.035,-7.498,4.139,79.090,0.163,8.83
256.6,-7.575,4.057,-7.704,4.162,78.899,0.167,9.05
261.6,-7.802,4.078,-7.932,4.185,78.681,0.169,9.27
265.0,-7.951,4.087,-8.079,4.196,78.539,0.168,9.42
268.6,-8.116,4.097,-8.245,4.206,78.379,0.169,9.58
273.6,-8.353,4.111,-8.484,4.221,78.152,0.171,9.82
278.6,-8.581,4.123,-8.707,4.233,77.932,0.168,10.05
283.6,-8.828,4.131,-8.958,4.243,77.694,0.172,10.30
288.6,-9.084,4.140,-9.217,4.252,77.446,0.175,10.55
293.6,-9.338,4.147,-9.468,4.261,77.201,0.173,10.81
297.3,-9.524,4.151,-9.654,4.265,77.020,0.172,10.99
300.7,-9.671,4.153,-9.803,4.268,76.878,0.175,11.14
305.7,-9.896,4.158,-10.022,4.272,76.659,0.170,11.36
310.7,-10.129,4.162,-10.262,4.277,76.433,0.176,11.60
315.7,-10.371,4.164,-10.500,4.280,76.199,0.173,11.84
320.7,-10.601,4.167,-10.733,4.282,75.976,0.176,12.07
325.7,-10.833,4.169,-10.965,4.285,75.751,0.176,12.30
329.5,-11.004,4.170,-11.134,4.286,75.584,0.174,12.47
332.8,-11.157,4.171,-11.289,4.287,75.436,0.176,12.62
337.8,-11.392,4.173,-11.522,4.289,75.207,0.173,12.86
342.8,-11.628,4.174,-11.760,4.290,74.979,0.176,13.10
347.8,-11.864,4.175,-11.993,4.291,74.749,0.173,13.33
352.8,-12.098,4.176,-12.231,4.292,74.522,0.176,13.57
357.8,-12.330,4.177,-12.458,4.293,74.296,0.173,13.80
361.8,-12.518,4.177,-12.646,4.293,74.115,0.173,13.98
364.8,-12.657,4.177,-12.788,4.294,73.979,0.175,14.13
369.8,-12.892,4.178,-13.020,4.294,73.751,0.173,14.36
374.8,-13.125,4.178,-13.253,4.295,73.525,0.173,14.60
379.8,-13.351,4.179,-13.480,4.295,73.306,0.174,14.82
384.8,-13.583,4.179,-13.713,4.295,73.080,0.175,15.05
389.8,-13.817,4.179,-13.946,4.296,72.853,0.174,15.29
394.0,-14.027,4.179,-14.159,4.296,72.650,0.176,15.50
396.9,-14.168,4.179,-14.301,4.296,72.513,0.177,15.64
401.9,-14.400,4.179,-14.427,4.296,72.288,0.119,15.87
406.9,-14.649,4.180,-14.427,4.296,72.046,0.251,16.12
411.9,-14.899,4.180,-14.427,4.296,71.803,0.487,16.36
416.9,-15.150,4.180,-14.427,4.296,71.561,0.732,16.62
421.9,-15.401,4.180,-14.636,4.296,71.318,0.773,16.87
426.3,-15.623,4.180,-14.855,4.296,71.102,0.776,17.09
429.0,-15.753,4.180,-14.985,4.296,70.976,0.777,17.22
434.0,-15.989,4.180,-15.218,4.296,70.748,0.779,17.45
439.0,-16.235,4.180,-15.470,4.296,70.509,0.774,17.71
444.0,-16.467,4.180,-15.695,4.296,70.284,0.781,17.94
449.0,-16.712,4.180,-15.942,4.296,70.048,0.779,18.18
454.0,-16.939,4.181,-16.169,4.297,69.828,0.779,18.41
458.5,-17.152,4.181,-16.382,4.297,69.622,0.778,18.62
461.0,-17.268,4.181,-16.499,4.297,69.510,0.778,18.74
466.0,-17.518,4.181,-16.751,4.297,69.268,0.776,18.99
471.0,-17.760,4.181,-16.989,4.297,69.033,0.780,19.23
476.0,-18.010,4.181,-17.242,4.297,68.791,0.778,19.48
481.0,-18.254,4.181,-17.488,4.297,68.556,0.775,19.72
486.0,-18.478,4.181,-17.612,4.297,68.339,0.874,19.95
490.8,-18.679,4.181,-17.612,4.297,68.145,1.074,20.15
493.1,-18.785,4.181,-17.612,4.297,68.043,1.178,20.26
498.1,-19.007,4.181,-17.612,4.297,67.828,1.400,20.48
503.1,-19.237,4.181,-17.612,4.297,67.606,1.629,20.70
508.1,-19.333,4.181,-17.612,4.297,67.513,1.725,20.87
513.1,-19.100,4.181,-17.612,4.297,67.739,1.492,21.11
518.1,-18.837,4.181,-17.612,4.297,67.993,1.230,21.37
523.0,-18.782,4.166,-17.610,4.297,68.042,1.180,21.43
525.2,-18.775,4.150,-17.610,4.297,68.045,1.174,21.45
530.2,-18.764,4.128,-17.610,4.297,68.049,1.167,21.47
535.2,-18.753,4.105,-17.610,4.297,68.054,1.159,21.50
540.2,-18.749,4.082,-17.610,4.297,68.052,1.159,21.52
545.2,-18.752,4.077,-17.610,4.297,68.048,1.163,21.53
550.2,-18.757,4.076,-17.610,4.297,68.043,1.168,21.53
555.2,-18.659,3.989,-17.511,4.214,68.115,1.170,21.66
557.2,-18.575,3.918,-17.428,4.144,68.178,1.169,21.77
562.2,-18.379,3.753,-17.229,3.977,68.327,1.171,22.02
567.2,-18.194,3.597,-17.046,3.822,68.467,1.170,22.27
572.2,-18.019,3.450,-16.873,3.677,68.600,1.168,22.49
577.2,-17.854,3.311,-16.705,3.535,68.726,1.171,22.72
582.2,-17.783,3.249,-16.635,3.476,68.780,1.170,22.81
587.2,-17.778,3.241,-16.635,3.476,68.783,1.167,22.82
589.3,-17.776,3.238,-16.635,3.476,68.784,1.166,22.82
594.3,-17.775,3.239,-16.635,3.476,68.785,1.165,22.82
599.3,-17.775,3.328,-16.634,3.563,68.807,1.164,22.90
604.3,-17.779,3.414,-16.640,3.648,68.824,1.163,22.99
609.3,-17.787,3.500,-16.649,3.735,68.838,1.162,23.07
614.3,-17.796,3.593,-16.658,3.825,68.851,1.161,23.16
619.3,-17.805,3.683,-16.667,3.915,68.865,1.161,23.25
621.4,-17.809,3.719,-16.671,3.952,68.870,1.161,23.29
626.4,-17.817,3.803,-16.680,4.037,68.883,1.162,23.37
631.4,-17.826,3.885,-16.688,4.119,68.895,1.162,23.46
636.4,-17.836,3.981,-16.698,4.215,68.910,1.162,23.55
641.4,-17.845,4.074,-16.707,4.308,68.924,1.162,23.64
646.4,-17.853,4.151,-16.715,4.385,68.936,1.162,23.72
651.4,-17.862,4.242,-16.725,4.476,68.950,1.161,23.82
653.4,-17.865,4.273,-16.729,4.505,68.956,1.159,23.85
658.4,-17.881,4.362,-16.755,4.588,68.963,1.148,23.94
663.4,-17.912,4.451,-16.790,4.675,68.956,1.145,24.04
668.4,-17.950,4.543,-16.828,4.766,68.943,1.144,24.13
673.4,-17.988,4.636,-16.867,4.859,68.930,1.144,24.23
678.4,-18.027,4.728,-16.905,4.951,68.917,1.144,24.33
683.4,-18.064,4.817,-16.942,5.039,68.905,1.144,24.43
685.5,-18.080,4.855,-16.958,5.079,68.899,1.144,24.47
690.5,-18.120,4.950,-16.999,5.174,68.886,1.144,24.57
695.5,-18.158,5.039,-17.039,5.255,68.873,1.140,24.67
700.5,-18.203,5.115,-17.089,5.327,68.850,1.134,24.76
705.5,-18.259,5.196,-17.145,5.407,68.818,1.134,24.86
710.5,-18.315,5.274,-17.201,5.485,68.785,1.134,24.95
715.5,-18.368,5.348,-17.256,5.561,68.754,1.133,25.04
717.6,-18.389,5.377,-17.276,5.589,68.742,1.133,25.08
722.6,-18.444,5.453,-17.331,5.665,68.710,1.133,25.17
727.6,-18.498,5.529,-17.385,5.741,68.679,1.133,25.26
732.6,-18.555,5.608,-17.443,5.821,68.646,1.133,25.37
737.6,-18.611,5.685,-17.499,5.899,68.614,1.132,25.46
742.6,-18.658,5.748,-17.547,5.962,68.586,1.131,25.54
747.6,-18.716,5.813,-17.613,6.023,68.549,1.123,25.63
749.7,-18.745,5.838,-17.643,6.049,68.528,1.122,25.67
754.7,-18.817,5.899,-17.717,6.110,68.476,1.120,25.76
759.7,-18.890,5.960,-17.789,6.170,68.423,1.121,25.85
764.7,-18.964,6.021,-17.862,6.231,68.370,1.121,25.95
769.7,-19.089,6.125,-17.989,6.336,68.279,1.120,26.11
774.7,-19.161,6.185,-18.061,6.396,68.228,1.120,26.20
779.7,-19.234,6.246,-18.132,6.455,68.175,1.121,26.30
781.7,-19.265,6.271,-18.163,6.481,68.153,1.121,26.34
786.7,-19.328,6.322,-18.228,6.532,68.107,1.121,26.42
791.7,-19.393,6.364,-18.299,6.571,68.057,1.113,26.50
796.7,-19.475,6.399,-18.382,6.605,67.989,1.112,26.58
801.7,-19.567,6.434,-18.472,6.640,67.911,1.114,26.68
806.7,-19.659,6.468,-18.565,6.674,67.833,1.113,26.78
811.7,-19.753,6.502,-18.660,6.708,67.753,1.113,26.88
813.8,-19.788,6.515,-18.697,6.722,67.723,1.110,26.92
818.8,-19.897,6.554,-18.803,6.760,67.630,1.114,27.03
823.8,-20.071,6.626,-18.999,6.824,67.485,1.090,27.23
828.8,-20.292,6.651,-19.220,6.851,67.282,1.091,27.45
833.8,-20.509,6.656,-19.436,6.859,67.076,1.093,27.67
838.8,-20.727,6.655,-19.655,6.858,66.869,1.091,27.88
843.8,-20.972,6.635,-19.900,6.840,66.629,1.091,28.13
845.9,-21.072,6.626,-20.001,6.831,66.531,1.090,28.24
850.9,-21.309,6.606,-20.238,6.811,66.298,1.091,28.47
855.9,-21.551,6.585,-20.480,6.790,66.061,1.090,28.71
860.9,-21.795,6.565,-20.726,6.770,65.822,1.089,28.95
865.9,-22.048,6.543,-20.977,6.749,65.575,1.091,29.21
870.9,-22.298,6.522,-21.224,6.728,65.330,1.094,29.46
875.9,-22.550,6.501,-21.477,6.706,65.084,1.092,29.71
877.9,-22.656,6.491,-21.581,6.697,64.980,1.094,29.82
882.9,-22.876,6.473,-21.802,6.679,64.765,1.094,30.04
887.9,-23.077,6.453,-22.008,6.658,64.568,1.088,30.24
892.9,-23.300,6.415,-22.230,6.622,64.344,1.090,30.46
897.9,-23.551,6.369,-22.480,6.576,64.091,1.091,30.73
902.9,-23.791,6.324,-22.721,6.531,63.848,1.090,30.97
907.9,-24.012,6.263,-22.939,6.464,63.619,1.092,31.19
910.0,-24.111,6.228,-23.038,6.430,63.514,1.092,31.31
915.0,-24.350,6.141,-23.276,6.344,63.261,1.092,31.56
920.0,-24.579,6.054,-23.513,6.257,63.016,1.086,31.80
925.0,-24.793,5.963,-23.727,6.166,62.784,1.086,32.04
930.0,-24.990,5.874,-23.921,6.077,62.570,1.088,32.25
935.0,-25.204,5.775,-24.134,5.979,62.335,1.090,32.49
940.0,-25.387,5.690,-24.320,5.895,62.135,1.086,32.68
942.3,-25.480,5.651,-24.409,5.858,62.035,1.091,32.79
947.1,-25.682,5.568,-24.612,5.774,61.817,1.090,33.01
952.1,-25.897,5.481,-24.829,5.686,61.586,1.087,33.24
957.1,-26.109,5.395,-25.039,5.602,61.358,1.089,33.47
962.1,-26.307,5.326,-25.234,5.535,61.148,1.093,33.68
967.1,-26.523,5.263,-25.450,5.474,60.922,1.093,33.91
972.1,-26.747,5.203,-25.678,5.413,60.691,1.089,34.14
974.5,-26.856,5.174,-25.787,5.384,60.579,1.089,34.25
979.1,-27.045,5.126,-25.972,5.338,60.384,1.093,34.44
984.1,-27.264,5.081,-26.194,5.294,60.162,1.090,34.66
989.1,-27.489,5.039,-26.420,5.252,59.935,1.090,34.90
994.1,-27.708,4.999,-26.639,5.212,59.714,1.090,35.12
999.1,-27.926,4.957,-26.856,5.170,59.494,1.091,35.34
1004.1,-28.147,4.913,-27.075,5.125,59.270,1.092,35.57
1006.8,-28.264,4.889,-27.194,5.101,59.151,1.091,35.69
1011.2,-28.460,4.848,-27.388,5.061,58.953,1.093,35.88
1016.2,-28.673,4.798,-27.604,5.008,58.734,1.089,36.10
1021.2,-28.871,4.746,-27.799,4.956,58.529,1.092,36.31
1026.2,-29.088,4.686,-28.015,4.897,58.305,1.093,36.54
1031.2,-29.283,4.632,-28.223,4.840,58.102,1.081,36.74
1036.2,-29.495,4.569,-28.443,4.777,57.882,1.072,36.96
1039.0,-29.625,4.529,-28.577,4.736,57.746,1.068,37.09
1043.3,-29.814,4.474,-28.765,4.679,57.549,1.069,37.30
1048.3,-30.034,4.409,-28.985,4.614,57.320,1.069,37.52
1053.3,-30.272,4.339,-29.218,4.545,57.072,1.074,37.77
1058.3,-30.509,4.268,-29.457,4.474,56.825,1.071,38.02
1063.3,-30.749,4.196,-29.696,4.402,56.574,1.073,38.27
1068.3,-30.971,4.128,-29.917,4.332,56.342,1.073,38.50
1071.3,-31.098,4.087,-30.041,4.292,56.209,1.076,38.63
1075.3,-31.264,4.032,-30.212,4.235,56.034,1.071,38.80
1080.3,-31.477,3.961,-30.422,4.165,55.809,1.075,39.04
1085.3,-31.693,3.890,-30.637,4.094,55.581,1.076,39.26
1090.3,-31.908,3.820,-30.856,4.022,55.355,1.072,39.48
1095.3,-32.106,3.755,-31.052,3.958,55.147,1.074,39.69
1100.3,-32.320,3.685,-31.269,3.887,54.921,1.071,39.92
1103.5,-32.458,3.640,-31.406,3.841,54.776,1.071,40.07
1107.4,-32.628,3.580,-31.571,3.783,54.597,1.076,40.24
1112.4,-32.834,3.508,-31.782,3.709,54.378,1.071,40.46
1117.4,-33.014,3.445,-31.960,3.647,54.188,1.073,40.65
1122.4,-33.207,3.378,-32.152,3.576,53.983,1.074,40.86
1127.4,-33.404,3.300,-32.350,3.490,53.772,1.071,41.06
1132.4,-33.536,3.279,-32.511,3.432,53.640,1.036,41.21
1135.8,-33.623,3.274,-32.626,3.396,53.556,1.004,41.29
1139.5,-33.720,3.273,-32.752,3.358,53.463,0.972,41.39
1144.5,-33.825,3.263,-32.932,3.307,53.360,0.894,41.50
1149.5,-33.854,3.240,-33.071,3.286,53.325,0.784,41.54
1154.5,-33.862,3.235,-33.162,3.281,53.316,0.702,41.55
1159.5,-33.858,3.238,-33.236,3.277,53.321,0.623,41.55
1164.5,-33.852,3.242,-33.310,3.272,53.328,0.543,41.56
1168.0,-33.852,3.241,-33.374,3.266,53.327,0.479,41.56
1171.5,-33.845,3.247,-33.420,3.261,53.336,0.425,41.57
1176.5,-33.841,3.250,-33.499,3.251,53.341,0.342,41.57
1181.5,-33.837,3.253,-33.581,3.238,53.346,0.256,41.58
1186.5,-33.831,3.257,-33.656,3.224,53.352,0.178,41.59
1191.5,-33.821,3.267,-33.722,3.210,53.365,0.114,41.60
1196.5,-33.845,3.248,-33.858,3.186,53.337,0.064,41.62
1200.3,-33.848,3.246,-33.932,3.178,53.333,0.108,41.64
1203.6,-33.848,3.246,-33.987,3.172,53.333,0.158,41.65
1208.6,-33.843,3.249,-34.064,3.162,53.339,0.237,41.65
1213.6,-33.836,3.254,-34.118,3.154,53.347,0.299,41.66
1218.6,-33.832,3.258,-34.191,3.142,53.352,0.377,41.66
1223.6,-33.827,3.264,-34.260,3.129,53.359,0.453,41.67
1228.6,-33.822,3.269,-34.329,3.115,53.365,0.529,41.68
1232.5,-33.821,3.272,-34.383,3.103,53.366,0.587,41.68
1235.7,-33.818,3.275,-34.427,3.092,53.370,0.635,41.69
1240.7,-33.814,3.278,-34.492,3.075,53.376,0.708,41.69
1245.7,-33.809,3.282,-34.549,3.058,53.381,0.774,41.70
1250.7,-33.808,3.283,-34.622,3.036,53.383,0.851,41.70
1255.7,-33.802,3.289,-34.679,3.017,53.390,0.918,41.71
1260.7,-33.823,3.273,-34.798,2.982,53.365,1.018,41.73
1264.8,-33.835,3.262,-34.883,2.965,53.351,1.090,41.75
1267.7,-33.842,3.256,-34.948,2.955,53.342,1.146,41.76
1272.7,-33.842,3.257,-35.029,2.945,53.342,1.228,41.76
1277.7,-33.837,3.260,-35.102,2.934,53.348,1.306,41.76
1282.7,-33.829,3.267,-35.173,2.922,53.357,1.387,41.77
1287.7,-33.829,3.268,-35.254,2.906,53.358,1.470,41.77
1292.7,-33.823,3.274,-35.316,2.892,53.366,1.541,41.78
1297.0,-33.815,3.282,-35.365,2.881,53.376,1.601,41.79
1299.8,-33.825,3.272,-35.431,2.864,53.363,1.657,41.79
1304.8,-33.847,3.254,-35.550,2.845,53.336,1.751,41.82
1309.8,-33.862,3.245,-35.662,2.835,53.319,1.847,41.84
1314.8,-33.855,3.249,-35.739,2.830,53.327,1.930,41.84
1319.8,-33.848,3.254,-35.810,2.823,53.336,2.009,41.85
1324.8,-33.842,3.258,-35.883,2.815,53.342,2.089,41.85
1329.3,-33.840,3.260,-35.946,2.806,53.345,2.154,41.86
1331.9,-33.838,3.261,-35.985,2.800,53.347,2.196,41.86
1336.9,-33.851,3.252,-36.091,2.784,53.332,2.289,41.89
1341.9,-33.866,3.242,-36.199,2.777,53.314,2.379,41.91
1346.9,-33.859,3.247,-36.274,2.773,53.323,2.462,41.91
1351.9,-33.857,3.248,-36.355,2.767,53.325,2.544,41.92
1356.9,-33.852,3.251,-36.423,2.761,53.330,2.617,41.93
1361.5,-33.846,3.255,-36.486,2.753,53.337,2.687,41.93
1364.0,-33.843,3.258,-36.513,2.750,53.342,2.719,41.93
1369.0,-33.838,3.261,-36.592,2.739,53.347,2.803,41.94
1374.0,-33.835,3.264,-36.673,2.725,53.351,2.889,41.95
1379.0,-33.831,3.268,-36.746,2.711,53.356,2.968,41.95
1384.0,-33.835,3.263,-36.832,2.694,53.350,3.050,41.97
1389.0,-33.851,3.251,-36.941,2.680,53.332,3.143,41.99
1393.8,-33.847,3.254,-37.015,2.671,53.336,3.221,41.99
1396.0,-33.840,3.259,-37.037,2.668,53.345,3.252,42.00
1401.0,-33.836,3.262,-37.106,2.658,53.350,3.326,42.00
1406.0,-33.834,3.264,-37.181,2.646,53.352,3.404,42.00
1411.0,-33.833,3.265,-37.254,2.633,53.353,3.479,42.01
1416.0,-33.830,3.269,-37.326,2.619,53.357,3.556,42.01
1421.0,-33.818,3.276,-37.382,2.607,53.370,3.626,42.02
1426.0,-33.817,3.277,-37.456,2.589,53.373,3.704,42.03
1428.1,-33.819,3.277,-37.493,2.579,53.370,3.740,42.03
1433.1,-33.814,3.282,-37.559,2.561,53.377,3.814,42.03
1438.1,-33.806,3.285,-37.617,2.544,53.385,3.882,42.04
1443.1,-33.812,3.279,-37.705,2.516,53.378,3.968,42.04
1448.1,-33.837,3.256,-37.846,2.485,53.346,4.082,42.07
1453.1,-33.838,3.255,-37.923,2.473,53.345,4.159,42.08
1458.1,-33.830,3.261,-37.983,2.462,53.355,4.229,42.09
1460.2,-33.830,3.261,-38.018,2.456,53.355,4.265,42.09
1465.2,-33.824,3.268,-38.085,2.443,53.362,4.340,42.09
1470.2,-33.821,3.274,-38.154,2.427,53.368,4.415,42.10
1475.2,-33.818,3.278,-38.229,2.409,53.372,4.496,42.11
1480.2,-33.815,3.282,-38.305,2.389,53.376,4.578,42.11
1485.2,-33.811,3.286,-38.384,2.366,53.381,4.665,42.12
1490.2,-33.806,3.289,-38.463,2.341,53.386,4.752,42.12
1492.2,-33.804,3.292,-38.492,2.331,53.389,4.786,42.13
1497.2,-33.806,3.296,-38.574,2.301,53.389,4.871,42.13
1502.2,-33.833,3.270,-38.726,2.264,53.355,4.996,42.16
1507.2,-33.840,3.265,-38.829,2.247,53.347,5.092,42.17
1512.2,-33.835,3.268,-38.905,2.235,53.352,5.174,42.17
1517.2,-33.830,3.273,-38.977,2.221,53.358,5.253,42.17
1522.2,-33.821,3.283,-39.044,2.206,53.370,5.333,42.18
1524.3,-33.822,3.283,-39.079,2.198,53.369,5.368,42.19
1529.3,-33.813,3.292,-39.146,2.181,53.380,5.447,42.20
1534.3,-33.811,3.295,-39.227,2.158,53.384,5.534,42.20
1539.3,-33.815,3.287,-39.311,2.133,53.377,5.616,42.22
1544.3,-33.836,3.268,-39.434,2.106,53.351,5.717,42.25
1549.3,-33.833,3.271,-39.516,2.093,53.355,5.804,42.25
1554.3,-33.826,3.276,-39.588,2.081,53.363,5.884,42.26
1556.4,-33.830,3.272,-39.631,2.072,53.358,5.923,42.26
1561.4,-33.826,3.277,-39.705,2.056,53.363,6.005,42.26
1566.4,-33.822,3.282,-39.771,2.041,53.369,6.077,42.27
1571.4,-33.813,3.290,-39.825,2.027,53.380,6.143,42.28
1576.4,-33.815,3.288,-39.898,2.007,53.378,6.217,42.28
1581.4,-33.810,3.290,-39.964,1.987,53.383,6.291,42.28
1586.4,-33.825,3.274,-40.077,1.957,53.363,6.389,42.29
1588.4,-33.822,3.278,-40.103,1.951,53.367,6.420,42.30
1593.4,-33.819,3.281,-40.164,1.937,53.372,6.486,42.30
1598.4,-33.819,3.281,-40.239,1.918,53.372,6.563,42.31
1603.4,-33.810,3.288,-40.292,1.904,53.382,6.628,42.32
1608.4,-33.813,3.286,-40.370,1.882,53.379,6.707,42.32
1613.4,-33.807,3.288,-40.427,1.864,53.385,6.771,42.32
1618.4,-33.805,3.291,-40.504,1.840,53.388,6.854,42.32
1620.5,-33.803,3.290,-40.532,1.830,53.389,6.886,42.33
1625.5,-33.800,3.293,-40.613,1.801,53.394,6.974,42.33
1630.5,-33.797,3.299,-40.685,1.774,53.398,7.055,42.34
1635.5,-33.791,3.305,-40.752,1.747,53.406,7.133,42.34
1640.5,-33.700,3.348,-40.711,1.766,53.505,7.187,42.44
1645.5,-33.451,3.460,-40.463,1.878,53.777,7.188,42.71
1650.5,-33.241,3.547,-40.252,1.972,54.004,7.185,42.95
1652.6,-33.227,3.532,-40.252,1.972,54.012,7.196,42.97
1657.6,-33.220,3.504,-40.251,1.972,54.010,7.197,43.00
1662.6,-33.251,3.448,-40.283,1.916,53.963,7.197,43.07
1667.6,-33.268,3.302,-40.329,1.773,53.902,7.225,43.21
1672.6,-33.298,3.100,-40.351,1.570,53.811,7.217,43.42
1677.6,-33.317,3.023,-40.357,1.472,53.769,7.209,43.50
1682.6,-33.347,2.949,-40.378,1.387,53.718,7.203,43.58
1684.6,-33.356,2.915,-40.390,1.351,53.699,7.206,43.61
1689.6,-33.394,2.814,-40.426,1.252,53.632,7.203,43.72
1694.6,-33.428,2.723,-40.461,1.158,53.573,7.206,43.82
1699.6,-33.465,2.624,-40.498,1.061,53.508,7.205,43.92
1704.6,-33.501,2.530,-40.537,0.961,53.445,7.208,44.02
1709.6,-33.535,2.440,-40.571,0.875,53.386,7.208,44.12
1714.6,-33.575,2.355,-40.619,0.794,53.323,7.215,44.21
1716.7,-33.597,2.320,-40.644,0.757,53.291,7.218,44.25
1721.7,-33.656,2.234,-40.703,0.673,53.209,7.218,44.37
1726.7,-33.716,2.150,-40.763,0.588,53.128,7.218,44.47
1731.7,-33.773,2.070,-40.820,0.508,53.049,7.218,44.57
1736.7,-33.834,1.986,-40.881,0.424,52.967,7.218,44.67
1741.7,-33.895,1.901,-40.944,0.337,52.884,7.220,44.78
1746.7,-33.950,1.824,-40.998,0.262,52.809,7.219,44.87
1748.8,-33.969,1.800,-41.020,0.238,52.783,7.221,44.90
1753.8,-34.039,1.732,-41.090,0.170,52.698,7.222,45.00
1758.8,-34.118,1.662,-41.168,0.101,52.602,7.221,45.10
1763.8,-34.197,1.594,-41.249,0.031,52.506,7.223,45.21
1768.8,-34.330,1.480,-41.380,-0.081,52.347,7.220,45.38
1773.8,-34.436,1.390,-41.487,-0.173,52.219,7.222,45.52
1778.8,-34.520,1.320,-41.569,-0.242,52.119,7.220,45.63
1780.8,-34.552,1.292,-41.601,-0.270,52.080,7.220,45.67
1785.8,-34.614,1.223,-41.662,-0.319,52.001,7.214,45.76
1790.8,-34.689,1.176,-41.737,-0.364,51.917,7.215,45.85
1795.8,-34.776,1.133,-41.828,-0.411,51.820,7.218,45.95
1800.8,-34.870,1.085,-41.920,-0.457,51.717,7.217,46.05
1805.8,-34.964,1.039,-42.013,-0.503,51.614,7.216,46.17
1810.8,-35.056,0.993,-42.107,-0.549,51.513,7.217,46.27
1813.0,-35.098,0.973,-42.148,-0.569,51.467,7.216,46.32
1817.9,-35.251,0.898,-42.300,-0.644,51.299,7.216,46.48
1822.9,-35.461,0.803,-42.507,-0.726,51.071,7.210,46.71
1827.9,-35.690,0.731,-42.733,-0.794,50.831,7.206,46.95
1832.9,-35.914,0.669,-42.957,-0.855,50.599,7.207,47.18
1837.9,-36.129,0.612,-43.172,-0.905,50.376,7.205,47.41
1842.9,-36.343,0.572,-43.387,-0.941,50.159,7.204,47.63
1845.3,-36.433,0.558,-43.475,-0.955,50.069,7.203,47.72
1850.0,-36.623,0.529,-43.665,-0.983,49.879,7.203,47.91
1855.0,-36.845,0.494,-43.887,-1.014,49.656,7.202,48.13
1860.0,-37.067,0.469,-44.109,-1.036,49.436,7.202,48.35
1865.0,-37.291,0.450,-44.334,-1.055,49.215,7.202,48.59
1870.0,-37.518,0.430,-44.560,-1.074,48.992,7.201,48.81
1875.0,-37.743,0.412,-44.782,-1.089,48.770,7.197,49.04
1877.5,-37.860,0.406,-44.899,-1.095,48.657,7.197,49.15
1882.0,-38.066,0.395,-45.106,-1.105,48.456,7.198,49.36
1887.0,-38.294,0.384,-45.332,-1.116,48.234,7.196,49.59
1892.0,-38.534,0.373,-45.574,-1.125,48.001,7.198,49.83
1897.0,-38.764,0.367,-45.817,-1.134,47.779,7.210,50.06
1902.0,-38.996,0.359,-46.048,-1.142,47.555,7.210,50.29
1907.0,-39.237,0.353,-46.294,-1.149,47.322,7.215,50.53
1909.8,-39.372,0.351,-46.425,-1.151,47.193,7.211,50.66
1914.1,-39.586,0.348,-46.639,-1.154,46.987,7.211,50.88
1919.1,-39.826,0.345,-46.883,-1.157,46.757,7.215,51.12
1924.1,-40.049,0.343,-47.103,-1.160,46.543,7.212,51.34
1929.1,-40.247,0.341,-47.300,-1.161,46.353,7.211,51.54
1934.1,-40.468,0.340,-47.520,-1.163,46.142,7.210,51.76
1939.1,-40.680,0.338,-47.735,-1.164,45.939,7.214,51.98
1942.0,-40.814,0.337,-47.871,-1.165,45.811,7.215,52.11
1946.2,-41.018,0.337,-48.070,-1.166,45.616,7.210,52.32
1951.2,-41.262,0.336,-48.317,-1.167,45.384,7.214,52.56
1956.2,-41.497,0.335,-48.548,-1.168,45.160,7.210,52.79
1961.2,-41.745,0.334,-48.802,-1.169,44.922,7.215,53.04
1966.2,-41.990,0.334,-49.042,-1.169,44.689,7.210,53.28
1971.2,-42.238,0.333,-49.289,-1.170,44.453,7.209,53.53
1974.3,-42.390,0.333,-49.440,-1.170,44.309,7.209,53.69
1978.3,-42.587,0.332,-49.638,-1.170,44.122,7.210,53.88
1983.3,-42.836,0.332,-49.786,-1.170,43.885,7.111,54.13
1988.3,-43.083,0.332,-49.786,-1.170,43.650,6.869,54.38
1993.3,-43.327,0.333,-49.804,-1.170,43.418,6.649,54.62
1998.3,-43.579,0.332,-50.055,-1.171,43.179,6.648,54.87
2003.3,-43.827,0.332,-50.299,-1.171,42.944,6.645,55.12
2006.5,-43.992,0.332,-50.463,-1.171,42.788,6.643,55.29
2010.3,-44.171,0.332,-50.645,-1.172,42.618,6.646,55.46
2015.3,-44.413,0.332,-50.889,-1.172,42.389,6.648,55.70
2020.3,-44.658,0.332,-51.134,-1.172,42.157,6.648,55.95
2025.3,-44.903,0.332,-51.378,-1.172,41.926,6.647,56.20
2030.3,-45.144,0.332,-51.615,-1.172,41.699,6.643,56.43
2035.3,-45.389,0.332,-51.864,-1.172,41.467,6.647,56.69
2038.8,-45.555,0.332,-52.031,-1.172,41.310,6.648,56.85
2042.4,-45.729,0.332,-52.204,-1.172,41.146,6.647,57.03
2047.4,-45.972,0.332,-52.444,-1.172,40.918,6.645,57.27
2052.4,-46.202,0.332,-52.675,-1.172,40.701,6.646,57.50
2057.4,-46.422,0.332,-52.899,-1.172,40.493,6.649,57.72
2062.4,-46.650,0.332,-53.123,-1.172,40.279,6.645,57.95
2067.4,-46.866,0.332,-53.338,-1.172,40.077,6.645,58.16
2071.0,-47.029,0.332,-53.461,-1.172,39.923,6.606,58.32
2074.5,-47.186,0.332,-53.461,-1.172,39.776,6.453,58.48
2079.5,-47.408,0.332,-53.461,-1.172,39.567,6.237,58.71
2084.5,-47.623,0.332,-53.461,-1.172,39.366,6.029,58.92
2089.5,-47.851,0.332,-53.461,-1.172,39.152,5.808,59.14
2094.5,-47.873,0.332,-53.461,-1.172,39.132,5.788,59.33
2099.5,-47.618,0.332,-53.461,-1.172,39.370,6.033,59.58
2103.3,-47.420,0.332,-53.461,-1.172,39.556,6.226,59.78
2106.5,-47.259,0.332,-53.461,-1.172,39.707,6.382,59.95
2111.5,-47.013,0.332,-53.461,-1.172,39.938,6.621,60.19
2116.5,-46.781,0.331,-53.459,-1.172,40.156,6.846,60.43
2121.5,-46.781,0.342,-53.459,-1.172,40.159,6.847,60.44
2126.5,-46.776,0.344,-53.459,-1.172,40.165,6.853,60.44
2131.5,-46.772,0.344,-53.459,-1.172,40.169,6.857,60.44
2135.5,-46.773,0.345,-53.459,-1.172,40.168,6.856,60.44
2138.6,-46.777,0.348,-53.459,-1.172,40.166,6.853,60.44
2143.6,-46.748,0.356,-53.423,-1.177,40.196,6.849,60.48
2148.6,-46.487,0.323,-53.165,-1.210,40.430,6.852,60.74
2153.6,-46.225,0.289,-52.901,-1.244,40.665,6.850,61.01
2158.6,-45.959,0.255,-52.637,-1.278,40.904,6.852,61.27
2163.6,-45.695,0.221,-52.371,-1.313,41.141,6.850,61.54
2167.8,-45.475,0.192,-52.153,-1.341,41.340,6.852,61.76
2170.7,-45.322,0.172,-52.002,-1.360,41.478,6.854,61.91
2175.7,-45.062,0.139,-51.744,-1.393,41.713,6.856,62.18
2180.7,-44.814,0.107,-51.493,-1.426,41.938,6.853,62.42
2185.7,-44.750,0.119,-51.424,-1.435,42.002,6.852,62.51
2190.7,-44.779,0.164,-51.424,-1.435,41.989,6.835,62.56
2195.7,-44.802,0.196,-51.424,-1.435,41.977,6.820,62.60
2200.0,-44.812,0.206,-51.424,-1.435,41.971,6.812,62.61
2202.7,-44.813,0.207,-51.424,-1.435,41.971,6.812,62.61
2207.7,-44.828,0.207,-51.436,-1.450,41.956,6.813,62.64
2212.7,-44.968,0.128,-51.564,-1.559,41.799,6.809,62.81
2217.7,-45.174,0.020,-51.767,-1.679,41.569,6.809,63.04
2222.7,-45.381,-0.089,-51.973,-1.790,41.338,6.809,63.28
2227.7,-45.591,-0.200,-52.180,-1.899,41.103,6.805,63.51
2232.3,-45.785,-0.293,-52.374,-1.998,40.889,6.806,63.73
2234.8,-45.878,-0.335,-52.469,-2.043,40.787,6.808,63.83
2239.8,-46.099,-0.436,-52.688,-2.144,40.546,6.806,64.07
2244.8,-46.311,-0.532,-52.896,-2.239,40.315,6.803,64.31
2249.8,-46.527,-0.631,-53.116,-2.339,40.079,6.807,64.55
2254.8,-46.717,-0.666,-53.294,-2.394,39.887,6.801,64.74
2259.8,-46.938,-0.692,-53.510,-2.426,39.669,6.797,64.96
2264.5,-47.148,-0.715,-53.722,-2.452,39.463,6.800,65.17
2266.9,-47.253,-0.727,-53.826,-2.464,39.360,6.799,65.28
2271.9,-47.413,-0.745,-53.988,-2.482,39.202,6.801,65.43
2276.9,-47.503,-0.723,-54.069,-2.483,39.125,6.798,65.53
2281.9,-47.601,-0.697,-54.165,-2.463,39.040,6.797,65.63
2286.9,-47.699,-0.671,-54.264,-2.437,38.956,6.799,65.73
2291.9,-47.796,-0.645,-54.361,-2.411,38.873,6.799,65.84
2296.8,-47.891,-0.619,-54.457,-2.386,38.791,6.800,65.94
2298.9,-47.934,-0.608,-54.498,-2.375,38.754,6.797,65.98
2303.9,-48.031,-0.579,-54.594,-2.348,38.672,6.797,66.08
2308.9,-48.126,-0.543,-54.687,-2.315,38.595,6.796,66.18
2313.9,-48.216,-0.506,-54.777,-2.278,38.523,6.796,66.28
2318.9,-48.312,-0.466,-54.872,-2.238,38.446,6.796,66.38
2323.9,-48.409,-0.425,-54.971,-2.197,38.368,6.797,66.49
2328.9,-48.504,-0.385,-55.064,-2.157,38.292,6.795,66.59
2331.0,-48.544,-0.368,-55.106,-2.140,38.260,6.797,66.63
2336.0,-48.641,-0.327,-55.202,-2.099,38.183,6.796,66.74
2341.0,-48.728,-0.290,-55.288,-2.063,38.114,6.796,66.83
2346.0,-48.812,-0.252,-55.375,-2.027,38.048,6.799,66.93
2351.0,-48.882,-0.223,-55.449,-1.998,37.992,6.802,67.00
2356.0,-49.022,-0.169,-55.588,-1.944,37.880,6.801,67.15
2361.0,-49.224,-0.091,-55.788,-1.867,37.719,6.800,67.37
2363.1,-49.314,-0.056,-55.879,-1.832,37.647,6.801,67.47
2368.1,-49.541,0.031,-56.109,-1.744,37.465,6.803,67.71
2373.1,-49.757,0.115,-56.324,-1.663,37.294,6.804,67.94
2378.1,-49.983,0.186,-56.543,-1.599,37.110,6.799,68.17
2383.1,-50.220,0.249,-56.780,-1.537,36.912,6.799,68.43
2388.1,-50.436,0.304,-56.997,-1.482,36.733,6.801,68.65
2393.1,-50.631,0.356,-57.195,-1.435,36.570,6.804,68.85
2395.1,-50.718,0.375,-57.279,-1.419,36.497,6.802,68.93
2400.1,-50.951,0.414,-57.514,-1.382,36.297,6.805,69.17
2405.1,-51.153,0.444,-57.717,-1.353,36.121,6.805,69.38
2410.1,-51.376,0.478,-57.936,-1.323,35.928,6.802,69.61
2415.1,-51.599,0.502,-58.162,-1.302,35.732,6.806,69.83
2420.1,-51.837,0.522,-58.396,-1.282,35.521,6.803,70.06
2425.1,-52.061,0.541,-58.620,-1.264,35.322,6.803,70.29
2427.2,-52.148,0.548,-58.710,-1.258,35.245,6.806,70.38
2432.2,-52.386,0.563,-58.948,-1.245,35.032,6.806,70.62
2437.2,-52.628,0.575,-59.188,-1.233,34.816,6.805,70.85
2442.2,-52.873,0.587,-59.431,-1.222,34.596,6.803,71.11
2447.2,-53.133,0.597,-59.692,-1.214,34.363,6.804,71.36
2452.2,-53.376,0.603,-59.935,-1.207,34.144,6.805,71.60
2457.2,-53.563,0.608,-60.121,-1.202,33.975,6.803,71.79
2459.3,-53.655,0.611,-60.211,-1.200,33.892,6.802,71.88
2464.3,-53.889,0.616,-60.446,-1.196,33.681,6.802,72.12
2469.3,-54.112,0.619,-60.675,-1.192,33.480,6.809,72.34
2474.3,-54.346,0.623,-60.904,-1.189,33.269,6.804,72.58
2479.3,-54.576,0.626,-61.137,-1.186,33.062,6.807,72.81
2484.3,-54.794,0.628,-61.356,-1.184,32.866,6.807,73.03
2489.3,-55.008,0.630,-61.569,-1.183,32.673,6.806,73.24
2491.3,-55.106,0.631,-61.666,-1.182,32.585,6.806,73.33
2496.3,-55.343,0.633,-61.906,-1.180,32.372,6.809,73.58
2501.3,-55.590,0.634,-62.150,-1.180,32.150,6.807,73.82
2506.3,-55.835,0.634,-62.395,-1.180,31.930,6.806,74.06
2511.3,-56.073,0.635,-62.633,-1.181,31.716,6.807,74.31
2516.3,-56.290,0.631,-62.853,-1.187,31.520,6.810,74.52
2521.3,-56.512,0.624,-63.073,-1.194,31.318,6.808,74.74
2523.4,-56.599,0.621,-63.158,-1.197,31.239,6.806,74.83
2528.4,-56.804,0.617,-63.368,-1.205,31.055,6.812,75.03
2533.4,-57.004,0.603,-63.566,-1.227,30.869,6.812,75.23
2538.4,-57.206,0.574,-63.771,-1.258,30.677,6.816,75.44
2543.4,-57.422,0.538,-63.995,-1.292,30.468,6.823,75.66
2548.4,-57.608,0.507,-64.196,-1.326,30.288,6.838,75.85
2553.4,-57.824,0.441,-64.404,-1.390,30.066,6.829,76.07
2555.5,-57.912,0.410,-64.491,-1.421,29.973,6.829,76.17
2560.5,-58.128,0.329,-64.711,-1.504,29.744,6.833,76.40
2565.5,-58.339,0.242,-64.922,-1.592,29.517,6.834,76.63
2570.5,-58.537,0.135,-65.116,-1.698,29.293,6.830,76.85
2575.5,-58.739,0.014,-65.320,-1.820,29.057,6.832,77.09
2580.5,-58.944,-0.112,-65.529,-1.950,28.817,6.837,77.33
2585.5,-59.127,-0.237,-65.708,-2.072,28.598,6.832,77.55
2587.6,-59.207,-0.296,-65.791,-2.133,28.499,6.835,77.64
2592.6,-59.402,-0.444,-65.986,-2.282,28.257,6.835,77.90
2597.6,-59.593,-0.592,-66.174,-2.427,28.020,6.831,78.14
2602.6,-59.779,-0.736,-66.360,-2.572,27.789,6.832,78.37
2607.6,-59.957,-0.884,-66.537,-2.720,27.563,6.832,78.60
2612.6,-60.124,-1.025,-66.712,-2.871,27.351,6.842,78.82
2617.6,-60.301,-1.179,-66.890,-3.027,27.123,6.843,79.05
2619.6,-60.375,-1.244,-66.958,-3.088,27.028,6.836,79.16
2624.6,-60.539,-1.380,-67.131,-3.235,26.820,6.847,79.37
2629.6,-60.716,-1.544,-67.308,-3.392,26.588,6.846,79.61
2634.6,-60.896,-1.709,-67.490,-3.556,26.354,6.848,79.85
2639.6,-61.076,-1.874,-67.670,-3.721,26.119,6.847,80.09
2644.6,-61.262,-2.044,-67.855,-3.892,25.878,6.847,80.35
2649.6,-61.443,-2.211,-68.039,-4.059,25.642,6.850,80.60
2651.7,-61.520,-2.281,-68.117,-4.132,25.543,6.852,80.70
2656.7,-61.705,-2.452,-68.301,-4.301,25.301,6.850,80.95
2661.7,-61.888,-2.620,-68.485,-4.471,25.064,6.852,81.20
2666.7,-62.073,-2.791,-68.670,-4.641,24.824,6.852,81.45
2671.7,-62.253,-2.956,-68.852,-4.807,24.590,6.853,81.69
2676.7,-62.439,-3.117,-69.034,-4.966,24.354,6.850,81.94
2681.7,-62.623,-3.275,-69.219,-5.125,24.121,6.851,82.19
2683.8,-62.703,-3.344,-69.301,-5.194,24.019,6.852,82.29
2688.8,-62.891,-3.505,-69.486,-5.353,23.781,6.849,82.54
2693.8,-63.071,-3.656,-69.670,-5.507,23.555,6.854,82.77
2698.8,-63.268,-3.812,-69.869,-5.662,23.311,6.856,83.02
2703.8,-63.471,-3.967,-70.071,-5.817,23.062,6.855,83.28
2708.8,-63.674,-4.121,-70.276,-5.973,22.814,6.857,83.53
2713.8,-63.877,-4.276,-70.478,-6.126,22.566,6.855,83.78
2716.0,-63.969,-4.346,-70.568,-6.195,22.453,6.853,83.91
2720.8,-64.163,-4.493,-70.762,-6.342,22.216,6.852,84.15
2725.8,-64.367,-4.648,-70.965,-6.496,21.968,6.852,84.40
2730.8,-64.556,-4.792,-71.156,-6.641,21.737,6.854,84.65
2735.8,-64.727,-4.927,-71.325,-6.776,21.527,6.853,84.86
2740.8,-64.905,-5.073,-71.503,-6.922,21.306,6.853,85.09
2745.8,-65.081,-5.219,-71.682,-7.071,21.086,6.856,85.32
2748.3,-65.162,-5.286,-71.761,-7.136,20.986,6.854,85.42
2752.9,-65.323,-5.421,-71.923,-7.270,20.785,6.854,85.63
2757.9,-65.488,-5.561,-72.089,-7.412,20.580,6.856,85.85
2762.9,-65.633,-5.684,-72.240,-7.543,20.399,6.864,86.04
2767.9,-65.791,-5.823,-72.400,-7.682,20.200,6.865,86.25
2772.9,-65.952,-5.961,-72.557,-7.821,19.999,6.862,86.46
2777.9,-66.125,-6.018,-72.746,-7.963,19.817,6.900,86.65
2780.5,-66.225,-6.020,-72.851,-8.033,19.724,6.925,86.75
2785.0,-66.391,-6.020,-73.024,-8.146,19.570,6.966,86.92
2790.0,-66.573,-6.017,-73.219,-8.276,19.403,7.020,87.10
2795.0,-66.703,-6.057,-73.408,-8.389,19.267,7.100,87.24
2800.0,-66.851,-6.083,-73.582,-8.465,19.120,7.140,87.39
2805.0,-66.959,-6.098,-73.744,-8.524,19.015,7.206,87.50
2810.0,-67.058,-6.085,-73.896,-8.578,18.929,7.279,87.60
2812.8,-67.114,-6.080,-73.984,-8.613,18.879,7.322,87.65
2817.0,-67.205,-6.075,-74.123,-8.671,18.796,7.389,87.74
2822.0,-67.302,-6.107,-74.251,-8.734,18.695,7.429,87.85
2827.0,-67.359,-6.168,-74.318,-8.784,18.619,7.435,87.93
2832.0,-67.415,-6.215,-74.387,-8.839,18.549,7.449,88.00
2837.0,-67.478,-6.270,-74.448,-8.890,18.469,7.447,88.09
2842.0,-67.548,-6.328,-74.522,-8.937,18.383,7.447,88.18
2845.0,-67.601,-6.358,-74.570,-8.963,18.322,7.440,88.24
2849.1,-67.673,-6.393,-74.644,-9.000,18.242,7.442,88.32
2854.1,-67.755,-6.436,-74.732,-9.044,18.150,7.449,88.41
2859.1,-67.832,-6.474,-74.819,-9.088,18.064,7.459,88.50
2864.1,-67.927,-6.519,-74.914,-9.136,17.960,7.461,88.60
2869.1,-68.021,-6.566,-75.007,-9.182,17.855,7.460,88.71
2874.1,-68.116,-6.613,-75.103,-9.229,17.748,7.460,88.82
2877.3,-68.172,-6.622,-75.156,-9.253,17.693,7.463,88.88
2881.2,-68.248,-6.640,-75.229,-9.277,17.617,7.463,88.96
2886.2,-68.347,-6.667,-75.328,-9.306,17.515,7.463,89.06
2891.2,-68.450,-6.696,-75.430,-9.335,17.408,7.463,89.17
2896.2,-68.552,-6.725,-75.533,-9.364,17.303,7.463,89.27
2901.2,-68.739,-6.776,-75.715,-9.416,17.111,7.459,89.46
2906.2,-68.976,-6.846,-75.957,-9.480,16.866,7.462,89.71
2909.5,-69.133,-6.880,-76.113,-9.509,16.707,7.458,89.87
2913.2,-69.317,-6.911,-76.299,-9.540,16.526,7.460,90.05
2918.2,-69.572,-6.952,-76.556,-9.580,16.275,7.462,90.32
2923.2,-69.819,-6.991,-76.802,-9.612,16.033,7.459,90.56
2928.2,-70.083,-7.017,-77.071,-9.638,15.781,7.463,90.83
2933.2,-70.346,-7.041,-77.333,-9.661,15.531,7.461,91.10
2938.2,-70.590,-7.062,-77.574,-9.679,15.300,7.458,91.34
2941.8,-70.773,-7.074,-77.760,-9.690,15.128,7.461,91.52
2945.3,-70.953,-7.084,-77.940,-9.700,14.962,7.461,91.70
2950.3,-71.211,-7.098,-78.199,-9.714,14.721,7.461,91.96
2955.3,-71.476,-7.115,-78.464,-9.730,14.475,7.461,92.22
2960.3,-71.739,-7.132,-78.723,-9.746,14.230,7.457,92.49
2965.3,-71.983,-7.149,-78.972,-9.763,14.005,7.463,92.73
2970.3,-72.226,-7.187,-79.211,-9.795,13.770,7.456,92.98
2974.0,-72.408,-7.217,-79.401,-9.827,13.595,7.465,93.16
2977.4,-72.578,-7.247,-79.572,-9.857,13.430,7.466,93.34
2982.4,-72.811,-7.291,-79.803,-9.903,13.202,7.464,93.57
2987.4,-73.045,-7.365,-80.038,-9.984,12.960,7.467,93.82
2992.4,-73.277,-7.456,-80.268,-10.073,12.713,7.464,94.07
2997.4,-73.491,-7.541,-80.482,-10.158,12.484,7.465,94.30
3002.4,-73.692,-7.639,-80.685,-10.264,12.260,7.469,94.52
3006.3,-73.840,-7.727,-80.829,-10.350,12.089,7.464,94.69
3009.4,-73.956,-7.798,-80.945,-10.421,11.953,7.465,94.84
3014.4,-74.148,-7.917,-81.139,-10.540,11.728,7.468,95.06
3019.4,-74.297,-8.018,-81.286,-10.639,11.549,7.464,95.24
3024.4,-74.460,-8.141,-81.451,-10.762,11.347,7.466,95.44
3029.4,-74.648,-8.285,-81.637,-10.904,11.114,7.464,95.68
3034.4,-74.823,-8.420,-81.811,-11.038,10.896,7.462,95.90
3038.5,-74.948,-8.516,-81.940,-11.136,10.741,7.466,96.06
3041.5,-75.032,-8.585,-82.021,-11.201,10.635,7.463,96.17
3046.5,-75.207,-8.733,-82.199,-11.350,10.412,7.465,96.39
3051.5,-75.346,-8.852,-82.338,-11.469,10.235,7.466,96.58
3056.5,-75.527,-9.008,-82.520,-11.626,10.003,7.467,96.82
3061.5,-75.703,-9.159,-82.693,-11.775,9.780,7.464,97.05
3066.5,-75.881,-9.315,-82.870,-11.929,9.552,7.463,97.29
3070.8,-76.026,-9.443,-83.018,-12.059,9.366,7.466,97.48
3073.6,-76.123,-9.529,-83.114,-12.144,9.242,7.464,97.61
3078.6,-76.296,-9.682,-83.287,-12.297,9.022,7.464,97.84
3083.6,-76.473,-9.839,-83.464,-12.454,8.795,7.463,98.08
3088.6,-76.663,-10.007,-83.656,-12.624,8.555,7.467,98.33
3093.6,-76.853,-10.175,-83.843,-12.790,8.313,7.462,98.59
3098.6,-77.042,-10.343,-84.034,-12.959,8.074,7.465,98.83
3103.0,-77.213,-10.494,-84.206,-13.112,7.860,7.467,99.07
